Type,SKU,Name,Published,Is featured?,Visibility in catalog,Short description,Description,Tax status,In stock?,Stock,Backorders allowed?,Sold individually?,Regular price,Categories,Tags,Images
simple,,Clarity Reset Clarifying Gel Face Wash 200ml,0,0,visible,"A lightweight, fragrance-free gel cleanser created to refresh oily, combination and blemish-prone skin without leaving it feeling excessively stripped.","<p>Clarity Reset Clarifying Gel Face Wash is a refreshing daily cleanser designed for oily, combination, congested and blemish-prone skin. Formulated with 1% Salicylic Acid to help clear pore-clogging build-up and improve the appearance of congestion, plus 2% Witch Hazel and Zinc PCA to support a fresher, more balanced-looking complexion. Aloe Vera, Hyaluronic Acid and Allantoin help maintain comfort after cleansing, while Green Tea and Rooibos provide antioxidant botanical support. The fragrance-free gel rinses clean and leaves skin feeling refreshed, smooth and ready for the next step in your routine.</p>
<p><strong>Hero Ingredients:</strong> 1% Salicylic Acid • 2% Witch Hazel • Zinc PCA • Aloe Vera • Green Tea • Rooibos</p>
<p><strong>Suitable For:</strong> Oily • Combination • Blemish-Prone • Congested Skin</p>
<p><strong>How to Use:</strong> Massage a small amount onto damp skin to create a lather. Rinse thoroughly with lukewarm water. Begin with once-daily use and increase according to skin tolerance. Follow with Clarity Reset Serum and moisturiser. Apply broad-spectrum sunscreen during the day.</p>
<p><em>Fragrance-free. Final face-wash positioning.</em></p>",taxable,1,,0,0,,Face Cleansers,,
simple,,Quench Cleanse Hydrating Jelly Face Wash 200ml,0,0,visible,"A gentle, hydrating jelly cleanser that removes daily impurities while helping skin feel soft, comfortable and refreshed rather than stripped or tight.","<p>Quench Cleanse Hydrating Jelly Face Wash is designed for skin that wants a thorough cleanse without sacrificing comfort. Its soft jelly texture lifts away daily impurities, sunscreen and excess surface build-up while a hydration-focused blend of Aloe Vera, Hydromanil, Green Rooibos, Glycerin, Panthenol and Hyaluronic Acid helps support a soft, conditioned after-feel. The formula is ideal for normal, dry and dehydrated skin and leaves the complexion feeling clean, supple and ready for hydration.</p>
<p><strong>Hero Ingredients:</strong> Aloe Vera • Hydromanil • Green Rooibos • Panthenol • Hyaluronic Acid</p>
<p><strong>Suitable For:</strong> Normal • Dry • Dehydrated Skin</p>
<p><strong>How to Use:</strong> Massage onto damp face and neck using gentle circular motions. Rinse thoroughly with lukewarm water and follow with serum and moisturiser. Use morning and/or evening as needed.</p>
<p><em>Hydrating cleanser positioning.</em></p>",taxable,1,,0,0,,Face Cleansers,,
simple,,Golden Hour Brightening Serum-Emulsion 30ml,0,0,visible,"A brightening serum-emulsion combining 5% THD Vitamin C, 5% Tranexamic Acid and 4% Niacinamide to target dullness, uneven-looking tone and visible dark marks.","<p>Golden Hour is a lightweight brightening serum-emulsion created to help reveal a clearer, more luminous-looking complexion. A concentrated trio of 5% Tetrahexyldecyl Ascorbate, 5% Tranexamic Acid and 4% Niacinamide helps improve the appearance of uneven tone, dullness and dark marks, while Panthenol, Hyaluronic Acid, Aloe Vera and Licorice support hydration and skin comfort. The elegant emulsion texture layers easily beneath moisturiser and sunscreen without feeling heavy, making it a considered daily treatment for skin that looks uneven or lacklustre.</p>
<p><strong>Hero Ingredients:</strong> 5% THD Vitamin C • 5% Tranexamic Acid • 4% Niacinamide • Licorice • Hyaluronic Acid</p>
<p><strong>Suitable For:</strong> Dull • Uneven-Looking • Dark-Mark-Prone • Most Skin Types</p>
<p><strong>How to Use:</strong> Apply 1–2 pumps to clean skin before moisturiser. Use once daily, morning or evening. Apply broad-spectrum sunscreen during the day.</p>
<p><em>Fragrance-free brightening serum-emulsion.</em></p>",taxable,1,,0,0,,Serums & Treatments,,
simple,,H-P-E Triad Advanced Night Renewal Serum 30ml,0,0,visible,"A lightweight overnight renewal serum powered by HPR, PDRN and Ectoin to support smoother, more refined and rested-looking skin.","<p>H-P-E Triad Advanced Night Renewal Serum is a lightweight overnight treatment designed to support smoother, more refined and rested-looking skin. Powered by HPR, PDRN and Ectoin, with EGX246, N-Acetyl Glucosamine and Dual Hyaluronic Acid, it helps hydrate, comfort and support the skin barrier while improving the appearance of uneven texture and early signs of ageing. The formula is designed for progressive evening use, allowing skin to acclimatise while maintaining a cushioned, hydrated feel.</p>
<p><strong>Hero Ingredients:</strong> HPR • PDRN • Ectoin • EGX246 • N-Acetyl Glucosamine • Dual Hyaluronic Acid</p>
<p><strong>Suitable For:</strong> Uneven Texture • Early Signs of Ageing • Dull or Tired-Looking Skin</p>
<p><strong>How to Use:</strong> Apply 2–3 drops to clean, dry skin in the evening. Follow with moisturiser if desired. Start 2–3 nights per week and increase use as tolerated. Use sunscreen during the day.</p>
<p><em>Fragrance-free. Advanced evening treatment.</em></p>",taxable,1,,0,0,,Serums & Treatments,,
simple,,Clarity Reset Clarifying Serum 30ml,0,0,visible,"A targeted clarifying serum designed to refine the look of congestion, blemishes, excess oil and post-blemish unevenness while maintaining skin comfort.","<p>Clarity Reset Clarifying Serum is a multi-active treatment for oily, combination and blemish-prone skin. Salicylic Acid helps clear pore-clogging build-up, while Azelaic Acid, Niacinamide and Zinc PCA support a clearer, more balanced-looking complexion and help improve the appearance of post-blemish unevenness. Bakuchiol and Ectoin provide additional refinement and barrier-supportive care, creating a treatment approach that focuses on visible clarity without treating hydration and comfort as an afterthought.</p>
<p><strong>Hero Ingredients:</strong> Salicylic Acid • Azelaic Acid • Niacinamide • Zinc PCA • Bakuchiol • Ectoin</p>
<p><strong>Suitable For:</strong> Oily • Combination • Blemish-Prone • Congested • Uneven-Looking Skin</p>
<p><strong>How to Use:</strong> Apply a thin layer to clean skin, preferably in the evening. Begin 2–3 times weekly and increase according to tolerance. Follow with moisturiser and use broad-spectrum sunscreen during the day.</p>
<p><em>Current treatment positioning; final claims should follow final production formula.</em></p>",taxable,1,,0,0,,Serums & Treatments,,
simple,,Cera-Ectoin Clarity Reset Barrier Balance Mist 30ml,0,0,visible,"A lightweight barrier-balancing mist created for combination, oily and dehydrated-oily skin, delivering refreshing hydration without a heavy feel.","<p>Cera-Ectoin Clarity Reset Barrier Balance Mist is designed to replenish hydration and comfort while keeping combination, oily and dehydrated-oily skin feeling fresh and balanced. Ectoin and Ceramides support the skin barrier, while Zinc PCA and Niacinamide complement an oil-conscious routine. Centella, Green Tea, Aloe Vera and Panthenol help soothe and condition the skin, making the mist useful after cleansing or whenever skin needs a light layer of hydration throughout the day.</p>
<p><strong>Hero Ingredients:</strong> Ectoin • Ceramides • Zinc PCA • Niacinamide • Centella • Green Tea • Aloe Vera</p>
<p><strong>Suitable For:</strong> Combination • Oily • Dehydrated-Oily • Blemish-Prone Skin</p>
<p><strong>How to Use:</strong> Mist evenly over clean face and neck after cleansing, or use throughout the day whenever skin needs a refreshing boost. Follow with serum and moisturiser. Avoid spraying directly into the eyes.</p>
<p><em>Barrier-balancing facial mist.</em></p>",taxable,1,,0,0,,Serums & Treatments,,
simple,,Cera-Ectoin Hydra Mist,0,0,visible,"A lightweight, multi-level hydrating treatment designed to replenish moisture, comfort dehydrated skin and support a healthy-looking skin barrier. Powered by Ectoin, Ceramide 3, Tara Seed Moisture Matrix and Low Molecular Weight Hyaluronic Acid, with Panthenol, Polyglutamic Acid and Aloe Vera for skin that feels softer, smoother, plumper and refreshed.","<p>Give dehydrated, moisture-depleted skin a concentrated layer of hydration and barrier support.

This lightweight treatment combines Ectoin, Ceramide 3, Tara Seed Moisture Matrix and Low Molecular Weight Hyaluronic Acid to help replenish moisture, improve water retention and support a stronger, more comfortable-feeling skin barrier.

Ectoin helps protect against moisture loss and supports skin exposed to everyday environmental stress, while Ceramide 3 helps reinforce the skin's natural lipid barrier. Hydromanil® / Tara Seed Moisture Matrix provides sustained hydration, helping skin maintain a smoother, more supple feel, while Low Molecular Weight Hyaluronic Acid delivers moisture for a plumper, refreshed appearance.

The formula is further supported by Panthenol, Polyglutamic Acid, Aloe Vera and Allantoin to soothe and condition the skin, alongside Cucumber, Cranberry, Ginseng and Papaya Extracts for additional botanical antioxidant and skin-conditioning support.</p>
<p><strong>Hero Ingredients:</strong> Ectoin • Ceramide 3 • Tara Seed Moisture Matrix • LMW Hyaluronic Acid • Panthenol • Polyglutamic Acid • Aloe Vera • Allantoin</p>
<p><strong>Suitable For:</strong> Dry • Dehydrated • Sensitive • Normal • Combination • Dull or Tight-Feeling Skin</p>
<p><strong>How to Use:</strong> Apply to clean skin after cleansing. Gently press or smooth over the face and neck until absorbed. Follow with serum and moisturiser. Use morning and evening. During the day, finish with broad-spectrum sunscreen.</p>
<p><em>Hydrating + Barrier-Support Treatment</em></p>",taxable,1,,0,0,,Serums & Treatments,,
simple,,Petal Plush Silky Hydration Day Cream 50ml,0,0,visible,"A silky daily moisturiser with 5% Niacinamide and 2% THD Vitamin C, created to hydrate, soften and support a smoother, more radiant-looking complexion.","<p>Petal Plush Silky Hydration Day Cream pairs everyday moisturisation with tone-supportive actives in a soft, elegant cream. 5% Niacinamide helps support the skin barrier and improve the appearance of uneven tone, while 2% THD Vitamin C provides antioxidant and radiance support. Rose Hydrosol, Aloe Vera, Squalane and Polyglutamic Acid help cushion the skin with hydration, leaving it soft, supple and comfortably moisturised for daytime wear.</p>
<p><strong>Hero Ingredients:</strong> 5% Niacinamide • 2% THD Vitamin C • Rose Hydrosol • Squalane • Polyglutamic Acid</p>
<p><strong>Suitable For:</strong> Normal • Dry • Combination • Dull or Uneven-Looking Skin</p>
<p><strong>How to Use:</strong> Apply to clean face and neck after serum. Use in the morning and follow with broad-spectrum sunscreen.</p>
<p><em>Day moisturiser.</em></p>",taxable,1,,0,0,,Face Moisturisers,,
simple,,Glow in the Dark Overnight Recovery Cream 50ml,0,0,visible,"A restorative overnight cream combining Snail Mucin, Panthenol, Niacinamide and Ceramides to replenish hydration and support smoother, more rested-looking skin.","<p>Glow in the Dark Overnight Recovery Cream is a plush evening moisturiser designed for skin that feels depleted, dry or visibly tired. Snail Mucin, Panthenol, Niacinamide and N-Acetyl Glucosamine work alongside Ceramides, Tremella, Polyglutamic Acid and Hyaluronic Acid to support hydration, barrier function and a smoother-looking texture. Squalane, Marula and Manketti oils add nourishing lipids, leaving the complexion soft, cushioned and replenished by morning.</p>
<p><strong>Hero Ingredients:</strong> Snail Mucin • Panthenol • Niacinamide • Ceramides • N-Acetyl Glucosamine • Squalane</p>
<p><strong>Suitable For:</strong> Dry • Dehydrated • Dull • Texture-Conscious • Most Skin Types</p>
<p><strong>How to Use:</strong> Apply to clean face and neck in the evening as the final step of your routine. Use nightly or as needed for added comfort and recovery.</p>
<p><em>Overnight recovery moisturiser.</em></p>",taxable,1,,0,0,,Face Moisturisers,,
simple,,Quench Water-Burst Hydration Gel-Cream 50ml,0,0,visible,A juicy water-burst gel-cream designed to deliver immediate-feeling hydration and plumping without the heaviness of a traditional cream.,"<p>Quench Water-Burst Hydration Gel-Cream is a fresh, lightweight moisturiser created for dehydrated skin that wants bounce, comfort and a more supple-looking finish. Niacinamide, Panthenol and N-Acetyl Glucosamine support the skin barrier and visible texture, while PDRN, Hyaluronic Acid and Rice Ceramide Complex reinforce the hydration-focused formula. Aloe Vera and Cucumber Extract add a cooling, refreshed feel. The result is a cushiony gel-cream that leaves skin looking smoother, plumper and hydrated without an overly rich finish.</p>
<p><strong>Hero Ingredients:</strong> Niacinamide • Panthenol • N-Acetyl Glucosamine • PDRN • Hyaluronic Acid • Rice Ceramides</p>
<p><strong>Suitable For:</strong> Dehydrated • Normal • Combination • Oilier Skin Seeking Lightweight Hydration</p>
<p><strong>How to Use:</strong> Apply to clean face and neck after serum, morning and/or evening. Follow with broad-spectrum sunscreen during the day.</p>
<p><em>Water-burst gel-cream; Ectoin is intentionally excluded.</em></p>",taxable,1,,0,0,,Face Moisturisers,,
simple,,Clarity Reset Face Lotion 50ml,0,0,visible,"A lightweight daily face lotion created to hydrate blemish-prone skin while supporting barrier function, smoother texture and a more balanced-looking complexion.","<p>Clarity Reset Face Lotion brings barrier support into an oil- and blemish-conscious routine. 5% Niacinamide, N-Acetyl Glucosamine and Zinc PCA help support balanced-looking skin and refine the appearance of uneven texture, while Panthenol, Ectoin and Ceramides help replenish hydration and strengthen the feel of the skin barrier. Aloe Vera and Dimethicone provide additional comfort without creating a heavy finish, making it an easy daily moisturiser for combination and blemish-prone complexions.</p>
<p><strong>Hero Ingredients:</strong> 5% Niacinamide • N-Acetyl Glucosamine • Zinc PCA • Ectoin • Ceramides • Panthenol</p>
<p><strong>Suitable For:</strong> Oily • Combination • Blemish-Prone • Dehydrated-Oily Skin</p>
<p><strong>How to Use:</strong> Apply to clean face and neck after serum. Use morning and evening. Follow with broad-spectrum sunscreen during the day.</p>
<p><em>Lightweight barrier-supportive moisturiser.</em></p>",taxable,1,,0,0,,Face Moisturisers,,
simple,,Bakuchi Gentle Renewal Facial Oil 30ml,0,0,visible,"A lightweight restorative facial oil with 1% Bakuchiol, 10% Rosehip and 5% Pomegranate to nourish skin and support smoother, more radiant-looking texture.","<p>Bakuchi Renewal is a lightweight restorative facial oil powered by 1% Bakuchiol, 10% Rosehip and 5% Pomegranate to help improve the look of uneven texture, dullness and dryness while leaving skin soft and radiant. The formula is cushioned with Squalane and Jojoba, then layered with Kalahari Melon, Baobab and Manketti oils for balanced nourishment without unnecessary heaviness. Designed primarily for evening use, it offers a considered oil-based approach to smoother, softer and more luminous-looking skin.</p>
<p><strong>Hero Ingredients:</strong> 1% Bakuchiol • 10% Rosehip • 5% Pomegranate • Squalane • Jojoba • Kalahari Melon • Baobab</p>
<p><strong>Suitable For:</strong> Most Skin Types • Dry • Dull • Uneven Texture</p>
<p><strong>How to Use:</strong> Massage 2–4 drops onto clean skin in the evening, either alone or after water-based serums. Follow with moisturiser if desired. Use sunscreen during the day.</p>
<p><em>Fragrance-free • Anhydrous.</em></p>",taxable,1,,0,0,,Facial Oils,,
simple,,Pure Rosehip Oil 30ml,0,0,visible,"A single-ingredient, cold-pressed botanical oil rich in essential fatty acids, created to nourish dry or depleted skin and support softness and suppleness.","<p>Cilla Skyn Pure Rosehip Oil is a nutrient-rich botanical oil naturally abundant in essential fatty acids. It helps nourish dry or depleted skin, support the skin barrier and soften the appearance of uneven texture while leaving skin smooth and supple. The single-ingredient formula can be used alone or layered as the final step of a skincare routine and is suitable for face, neck and body.</p>
<p><strong>Hero Ingredients:</strong> 100% Rosa Rubiginosa Seed Oil</p>
<p><strong>Suitable For:</strong> Dry • Dull • Uneven-Looking • Mature Skin</p>
<p><strong>How to Use:</strong> Massage 2–4 drops onto clean, slightly damp skin. Use alone or as the final step of your skincare routine. Suitable for face, neck and body.</p>
<p><em>Cold-pressed • Unrefined • No added fragrance.</em></p>",taxable,1,,0,0,,Facial Oils,,
simple,,Pure Argan Oil 30ml,0,0,visible,"A lightweight, multi-purpose botanical oil traditionally prized for helping nourish and condition dry skin, hair, cuticles and other areas needing extra softness.","<p>Cilla Skyn Pure Argan Oil is a lightweight, nutrient-rich botanical oil traditionally prized for helping nourish, soften and condition dry skin and hair. Naturally rich in fatty acids and vitamin E, Argan Oil helps support the skin barrier while leaving skin feeling smooth, supple and replenished. Its versatile texture makes it suitable for the face, body, hair ends and cuticles.</p>
<p><strong>Hero Ingredients:</strong> 100% Argania Spinosa Kernel Oil</p>
<p><strong>Suitable For:</strong> Dry • Dehydrated • Normal • Mature Skin • Face • Body • Hair</p>
<p><strong>How to Use:</strong> Apply 2–4 drops to clean, slightly damp skin and massage gently until absorbed. May also be applied to dry hair, ends, cuticles and other areas needing extra nourishment.</p>
<p><em>Cold-pressed Moroccan Argan Oil.</em></p>",taxable,1,,0,0,,Facial Oils,,
simple,,Clarity Reset Clarifying Face + Body Mask 250ml,0,0,visible,A clarifying gel-clay treatment created to refine the look of congestion and excess oil while keeping skin feeling comfortable and refreshed.,"<p>Clarity Reset Clarifying Face + Body Mask is a rinse-off gel-clay treatment for areas prone to congestion, excess oil and uneven-looking texture. Mineral clays help absorb excess surface oil and lift away build-up, while Aloe Vera, Panthenol and Allantoin help maintain a comfortable after-feel. Niacinamide and Azelaic Acid provide additional tone- and clarity-focused support. Designed for targeted use on the face or body, the mask leaves skin feeling clean, refreshed and visibly refined without positioning dryness as the goal.</p>
<p><strong>Hero Ingredients:</strong> Mineral Clays • Aloe Vera • Niacinamide • Azelaic Acid • Panthenol • Allantoin</p>
<p><strong>Suitable For:</strong> Oily • Combination • Blemish-Prone • Congested Face or Body Areas</p>
<p><strong>How to Use:</strong> Apply an even layer to clean, dry skin, avoiding the eye area and broken skin. Leave on briefly until set but not excessively dry, then rinse thoroughly. Use 1–2 times weekly or as tolerated.</p>
<p><em>Working product; final name/colour/claims remain subject to final formula.</em></p>",taxable,1,,0,0,,Masks & Treatments,,
simple,,Ceramide Cocoon Barrier Repair Body Lotion 500ml,0,0,visible,"A deeply hydrating daily body lotion with 5% Urea, Ceramides and Colloidal Oatmeal, created for dry, sensitive and eczema-prone skin.","<p>Ceramide Cocoon Barrier Repair Body Lotion is a deeply hydrating daily moisturiser created for dry, sensitive and eczema-prone skin. Powered by 5% Urea, Ceramides and Colloidal Oatmeal, with Niacinamide, Panthenol and Ectoin, it helps replenish moisture, soothe dryness and support a stronger, healthier-looking skin barrier. Squalane, Shea Butter and Jojoba Oil help soften and condition the skin, leaving it smooth, supple and comfortably moisturised without a heavy feel.</p>
<p><strong>Hero Ingredients:</strong> 5% Urea • Ceramides • Colloidal Oatmeal • Niacinamide • Panthenol • Ectoin</p>
<p><strong>Suitable For:</strong> Dry • Very Dry • Sensitive • Eczema-Prone Skin</p>
<p><strong>How to Use:</strong> Apply generously to clean, dry skin and massage until absorbed. Use daily, especially after bathing and on areas prone to dryness, roughness or flaking. Reapply as needed.</p>
<p><em>Fragrance-free barrier body lotion.</em></p>",taxable,1,,0,0,,Body Lotions,,
simple,,Kalahari Nectar Even Tone Hydrating Body Lotion 500ml,0,0,visible,"A rich yet elegant daily body lotion that combines tone-supportive actives with nourishing African botanical oils for soft, smooth and radiant-looking skin.","<p>Kalahari Nectar Body Lotion is a rich yet elegant daily body lotion designed to hydrate, nourish and visibly improve the appearance of uneven tone. Formulated with Tranexamic Acid, Alpha Arbutin, Niacinamide and Hyaluronic Acid, alongside a botanical blend of Kalahari Melon, Argan and Manketti Oils, it leaves skin feeling soft, smooth and beautifully radiant. The formula supports a more luminous-looking finish while delivering everyday moisture without an excessively heavy feel.</p>
<p><strong>Hero Ingredients:</strong> Tranexamic Acid • Alpha-Arbutin • Niacinamide • Hyaluronic Acid • Kalahari Melon • Argan • Manketti</p>
<p><strong>Suitable For:</strong> Dry • Dull • Uneven-Looking • Dark-Mark-Prone Body Skin</p>
<p><strong>How to Use:</strong> Massage onto clean, dry skin daily, paying special attention to dry or uneven-looking areas. Use sunscreen on exposed skin during the day.</p>
<p><em>Even-tone hydrating body lotion.</em></p>",taxable,1,,0,0,,Body Lotions,,
simple,,Silhouette Therapy Firming Body Lotion 300ml,0,0,visible,"A targeted firming body lotion with Rosehip, KigaFirm and Centella, created to support smoother-looking texture, elasticity and the appearance of stretch-mark-prone areas.","<p>Silhouette Therapy Firming Body Lotion is a targeted body moisturiser designed to support skin that looks less firm, uneven in texture or prone to visible stretch marks. Rosehip, KigaFirm and Centella form the core botanical and firming complex, while N-Acetyl Glucosamine, Niacinamide and Squalane support smoother-looking texture, hydration and a more supple finish. Used consistently, the formula helps skin feel conditioned and elastic while supporting a refined, cared-for appearance.</p>
<p><strong>Hero Ingredients:</strong> Rosehip • KigaFirm • Centella • N-Acetyl Glucosamine • Niacinamide • Squalane</p>
<p><strong>Suitable For:</strong> Loss of Firmness • Stretch-Mark-Prone • Uneven Texture • Dry Body Skin</p>
<p><strong>How to Use:</strong> Massage generously onto clean skin once or twice daily, focusing on areas such as the abdomen, hips, thighs and upper arms. For added nourishment, layer with a compatible Cilla Skyn body oil.</p>
<p><em>Firming and elasticity-focused body lotion.</em></p>",taxable,1,,0,0,,Body Lotions,,
simple,,Manketti Melt Whipped Oil Butter 250ml,0,0,visible,"A rich, whipped body butter created to melt into dry skin and leave it feeling deeply nourished, soft and supple. Powered by Manketti Oil and a replenishing blend of skin-conditioning butters and oils, it helps comfort dryness while leaving the skin smooth, conditioned and beautifully moisturised.","<p>Manketti Melt Whipped Butter is a sensorial body treatment created to turn everyday moisturising into a richer, more indulgent ritual.

Its cloud-like whipped texture melts effortlessly on contact with the skin, releasing a nourishing blend of Manketti Oil, botanical oils and conditioning butters that help replenish moisture, soften dry areas and leave the body feeling smooth, supple and deeply cared for.

At the heart of the formula is Manketti Oil, a treasured African botanical oil naturally rich in skin-conditioning lipids. It helps comfort moisture-depleted skin while supporting a soft, conditioned and beautifully polished feel.

As the butter melts into the skin, fragrance unfolds gradually and lingers close to the body, leaving behind a soft perfumed veil that makes Manketti Melt as much a sensory experience as it is a moisturising treatment.

Choose your mood:

Peachy — juicy, sweet and playful with a luscious fruity character.

Floral — soft, luminous and feminine with an elegant floral trail.

Warm — creamy, enveloping and sensual with a rich, comforting dry-down.

Massage generously over the body after bathing, focusing on areas prone to dryness such as the legs, elbows, knees and heels.

Skin is left feeling velvety-soft, replenished, delicately fragranced and beautifully nourished.</p>
<p><strong>Hero Ingredients:</strong> Manketti Oil • Shea Butter • Mango Butter • Squalane</p>
<p><strong>Suitable For:</strong> Normal to very dry skin</p>
<p><strong>How to Use:</strong> Apply generously to clean, dry or slightly damp skin and massage in until absorbed, focusing on areas prone to dryness such as the elbows, knees, legs and heels. For best results, use after bathing while skin is still slightly damp to help seal in moisture.

Use daily or whenever skin needs extra nourishment and softness.</p>
<p><em>Scent	Notes	Profile
Peachy	White Peach • Ripe Mango • Vanilla • White Musk	Sweet + Fruity — juicy, playful and creamy with a soft musky finish
Jasmine Veil	Jasmine • Soft Rose • Lily of the Valley • White Musk	Floral — luminous, feminine and elegant with a clean, skin-like dry-down
Vanilla Amber	Vanilla • Amber • Sandalwood • Cashmere Musk	Warm — creamy, enveloping and sensual with a smooth woody finish</em></p>",taxable,1,,0,0,,Whipped Oil Body Creams,,
simple,,Siloutte Therapy Whipped butter 250ml,0,0,visible,"A rich, whipped body cream created to deeply nourish, soften and support skin elasticity. Powered by Rosehip, KigaFirm and Centella, with N-Acetyl Glucosamine, Niacinamide and Squalane, it helps improve the appearance of uneven texture, dryness and stretch marks while leaving skin smooth, supple and beautifully conditioned.","<p>Silhouette Therapy Whipped Body Cream is an indulgent, cushiony body treatment created for skin that needs deeper nourishment, improved suppleness and targeted support for the appearance of stretch marks and uneven texture.

At the heart of the formula is a carefully selected blend of Rosehip, KigaFirm and Centella, chosen to support smoother, firmer and more resilient-looking skin. N-Acetyl Glucosamine and Niacinamide help improve the appearance of uneven tone and texture, while Squalane replenishes essential lipids and helps keep the skin soft, supple and comfortably moisturised.

Its rich whipped texture melts into the skin, enveloping areas prone to dryness, loss of elasticity or visible stretching without leaving the skin feeling excessively heavy.

With continued use, skin feels deeply conditioned, smoother and more elastic, with a soft, polished finish.

Ideal for the abdomen, hips, thighs, buttocks, arms and bust area, Silhouette Therapy transforms daily body moisturising into a targeted firming and conditioning ritual.</p>
<p><strong>Hero Ingredients:</strong> Rosehip • KigaFirm • Centella • N-Acetyl Glucosamine • Niacinamide • Squalane</p>
<p><strong>Suitable For:</strong> Dry & Dehydrated Skin • Stretch Mark-Prone Areas • Uneven Texture • Loss of Elasticity • Post-Weight Change Skin • Daily Firming Body Care</p>
<p><strong>How to Use:</strong> Massage generously into clean skin using firm, circular motions, concentrating on areas prone to dryness, visible stretch marks or loss of elasticity such as the abdomen, hips, thighs, buttocks and upper arms.

Use daily, morning and/or evening. For a more intensive body ritual, apply after bathing while the skin is still slightly damp.

For additional nourishment, layer with Kalahari Nectar™ Body Oil.</p>
<p><em>Firming + Elasticity-Supporting Body Treatment</em></p>",taxable,1,,0,0,,Whipped Oil Body Creams,,
simple,,Oat Therapy Soothing Lipid Body Oil 100ml,0,0,visible,"A nourishing, fragrance-free body oil created to comfort dry, sensitive and moisture-depleted skin with Oat Kernel, Manketti and Squalane.","<p>Oat Therapy Soothing Lipid Body Oil is a nourishing, fragrance-free body oil created to comfort dry, sensitive and moisture-depleted skin. A lipid-rich blend of Oat Kernel, Manketti, Squalane, Baobab, Argan and Sweet Almond Oils helps soften, replenish and seal in moisture for smooth, supple-feeling skin. The formula is designed to layer beautifully over Ceramide Cocoon Body Lotion as the final nourishing step in a barrier-focused body routine.</p>
<p><strong>Hero Ingredients:</strong> Oat Kernel • Manketti • Squalane • Baobab • Argan • Sweet Almond</p>
<p><strong>Suitable For:</strong> Dry • Very Dry • Sensitive • Eczema-Prone Skin</p>
<p><strong>How to Use:</strong> Massage onto slightly damp skin after bathing or layer over Ceramide Cocoon Body Lotion. Use daily as needed.</p>
<p><em>Fragrance-free lipid body oil.</em></p>",taxable,1,,0,0,,Body Oils,,
simple,,Kalahari Nectar Vitamin C Body Oil 100ml,0,0,visible,"A radiant botanical body oil featuring Kalahari Melon and oil-soluble Vitamin C to nourish dry skin and support a smoother, more luminous-looking finish.","<p>Kalahari Nectar Vitamin C Body Oil is a lightweight botanical oil blend created to nourish, soften and enhance the look of radiance across the body. Kalahari Melon Oil is layered with Jojoba, Baobab, Sunflower, Rice Bran and Marula oils, while Squalane and lightweight emollients help improve spread and skin feel. Tetrahexyldecyl Ascorbate provides oil-soluble Vitamin C antioxidant support, helping the skin look smoother, conditioned and more luminous with regular use.</p>
<p><strong>Hero Ingredients:</strong> Kalahari Melon • THD Vitamin C • Jojoba • Baobab • Marula • Squalane</p>
<p><strong>Suitable For:</strong> Dry • Dull • Uneven-Looking Body Skin</p>
<p><strong>How to Use:</strong> Massage onto clean, slightly damp skin after bathing. Use alone or layer over body lotion to seal in moisture. Apply sunscreen to exposed skin during the day.</p>
<p><em>Radiance body oil.</em></p>",taxable,1,,0,0,,Body Oils,,
simple,,Glow & Tell Radiance Body Oil Gel 200ml,0,0,visible,"A silky clear body oil-gel that wraps skin in lightweight emollients and Squalane for a smooth, glossy, radiant-looking finish without a traditional greasy feel.","<p>Squalane Halo Radiance Body Oil Gel combines the glide of a body oil with the controlled, cushiony texture of a clear gel. Squalane, Jojoba, Sweet Almond, Sunflower, Rice Bran and Safflower oils are blended with lightweight esters and silicones to soften the skin and enhance spreadability. A subtle radiance finish leaves body skin looking smooth, polished and luminous while maintaining an elegant, non-heavy feel.</p>
<p><strong>Hero Ingredients:</strong> Squalane • Jojoba • Sweet Almond • Sunflower • Rice Bran • Safflower</p>
<p><strong>Suitable For:</strong> All Skin Types • Dry or Dull-Looking Skin • Daily Body Care</p>
<p><strong>How to Use:</strong> Massage a small amount over clean, dry or slightly damp body skin. Use alone or as the final step over lotion for added softness and radiance.</p>
<p><em>Clear oil-gel format with subtle radiance.</em></p>",taxable,1,,0,0,,Body Oils,,
simple,,Smooth Operator Salicylic Body Wash 500ml,0,0,visible,"A clarifying body cleanser with 2% Salicylic Acid, 2% Niacinamide, 2% Witch Hazel and 1% Lactic Acid for congestion-prone, oily and blemish-prone body skin.","<p>ABS Salicylic Body Wash is a targeted daily body cleanser created for areas prone to congestion, excess oil, rough texture and body blemishes. 2% Salicylic Acid helps clear pore-clogging build-up, while 1% Lactic Acid supports smoother-feeling texture. 2% Niacinamide and 2% Witch Hazel complement the clarifying system, while Aloe Vera, Panthenol and Bisabolol help maintain skin comfort. The formula rinses clean and is designed to support a clearer, more refined-looking body complexion without making an excessively stripped after-feel the goal.</p>
<p><strong>Hero Ingredients:</strong> 2% Salicylic Acid • 2% Niacinamide • 2% Witch Hazel • 2% Aloe Vera • 1% Lactic Acid</p>
<p><strong>Suitable For:</strong> Oily • Blemish-Prone • Congested • Rough or Textured Body Skin</p>
<p><strong>How to Use:</strong> Massage onto wet body skin, focusing on areas prone to congestion. Rinse thoroughly. Begin once daily or every other day according to tolerance. Use sunscreen on exposed skin.</p>
<p><em>Clarifying body wash.</em></p>",taxable,1,,0,0,,Body Cleansers,,
simple,,Earth & Ember Botanical Body Cleansing Gel 500ml,0,0,visible,"A warm, grounding shower gel powered by 10% African Black Soap, Rooibos and Activated Charcoal to effectively cleanse away daily impurities, excess oil and buildup. Earth & Ember leaves skin feeling fresh, smooth and thoroughly cleansed, wrapped in a sophisticated earthy scent.","<p>Earth & Ember Shower Gel is a rich, grounding body cleanser created around the cleansing heritage of African Black Soap.

Formulated with 10% African Black Soap, it helps thoroughly cleanse the skin and remove daily impurities, excess oil and buildup without turning the shower into a harsh or overly aggressive cleansing experience.

Activated Charcoal supports the deep-cleansing action by helping lift surface impurities, while Rooibos, a distinctly South African botanical, brings antioxidant-rich botanical support to the formula.

The silky gel texture works into a satisfying lather that leaves the skin feeling fresh, smooth and comfortably cleansed.</p>
<p><strong>Hero Ingredients:</strong> 10% African Black Soap • Rooibos • Activated Charcoal</p>
<p><strong>Suitable For:</strong> Normal • Combination • Oily • Blemish-Prone Skin</p>
<p><strong>How to Use:</strong> Massage a small amount onto wet skin using your hands, a washcloth or shower sponge. Work into a rich lather, then rinse thoroughly with water.

Use daily as needed. Follow with your preferred Cilla Skyn body lotion or body oil to help maintain soft, comfortable skin.</p>
<p><em>Clarifying body wash.</em></p>",taxable,1,,0,0,,Body Cleansers,,
simple,,Urea Comfort Hydrating Shower Gel 500ml,0,0,visible,"A fragrance-free, soap-free shower gel powered by 5% Urea, Colloidal Oatmeal, Panthenol and Aloe Vera to gently cleanse while helping soften rough, dry skin and maintain post-shower comfort. Suitable for dry, very dry, sensitive and eczema-prone skin.","<p>Urea Comfort™ Hydrating Shower Gel is a gentle daily body cleanser created for skin that needs more than cleansing.

Formulated with 5% Urea to help attract moisture and soften rough-feeling skin, it combines Colloidal Oatmeal, Panthenol and Aloe Vera to help soothe, hydrate and support skin comfort during cleansing.

A mild surfactant system removes everyday impurities without the harsh, stripped feeling often associated with traditional body washes, while conditioning ingredients help leave skin feeling soft, smooth and comfortably cleansed.

The fragrance-free, soap-free formula makes Urea Comfort especially suited to dry, very dry, sensitive and eczema-prone skin, as well as areas prone to roughness or flaking.

For a complete moisture-supporting body routine, follow with Ceramide Cocoon Barrier Repair Body Lotion and layer Oat Therapy™ Soothing Lipid Body Oil over particularly dry areas.</p>
<p><strong>Hero Ingredients:</strong> 5% Urea • Colloidal Oatmeal • Panthenol • Aloe Vera</p>
<p><strong>Suitable For:</strong> Dry • Very Dry • Rough • Sensitive • Eczema-Prone Skin</p>
<p><strong>How to Use:</strong> Massage a small amount onto wet skin and work into a gentle lather. Rinse thoroughly with lukewarm water.

Use daily as needed. For best results, follow with Ceramide Cocoon™ Barrier Repair Body Lotion while skin is still slightly damp.</p>
<p><em>exfoliating scrub</em></p>",taxable,1,,0,0,,Body Cleansers,,
simple,,Mango Soufflé Energising Massage Body Polish 250ml,0,0,visible,"A cushiony sugar polish with Caffeine, Ginseng and Aloe to exfoliate rough skin while providing smooth glide for an energising body-massage ritual.","<p>Mango Soufflé Energising Massage Body Polish is a cushiony sugar polish designed to smooth rough body skin while creating enough slip for a generous massage. Caffeine and Ginseng support the energising positioning, while Aloe Vera, Panthenol and Hydrolysed Rice Protein help condition the skin. The formula leaves the body feeling soft, polished and refreshed, turning exfoliation into a more sensorial, massage-focused ritual.</p>
<p><strong>Hero Ingredients:</strong> Caffeine • Ginseng • Aloe Vera • Panthenol • Hydrolysed Rice Protein</p>
<p><strong>Suitable For:</strong> Normal • Dry • Rough or Dull Body Skin</p>
<p><strong>How to Use:</strong> Massage onto damp skin in circular motions, then rinse well. Use 2–3 times weekly. Keep water out of the jar.</p>
<p><em>Energising massage body polish.</em></p>",taxable,1,,0,0,,Body Polishes,,
simple,,Rhassoul Clay Body Polish,0,0,visible,"A mineral-rich body polish that exfoliates, purifies and softens while creating a calming, spa-like body ritual.","<p>Rhassoul Clay Body Polish is a mineral-rich body treatment that combines physical exfoliation with a clay-based purifying ritual. Sugar smooths rough texture while Rhassoul Clay and Kaolin help absorb excess surface oil and leave skin feeling freshly cleansed. Rooibos, Matcha and Tea Tree Oil complete the botanical profile, creating a polished, spa-inspired treatment that leaves the body feeling soft, smooth and refreshed.</p>
<p><strong>Hero Ingredients:</strong> Rhassoul Clay • Kaolin • Rooibos • Matcha • Tea Tree Oil</p>
<p><strong>Suitable For:</strong> Normal • Combination • Rough • Dull or Congestion-Prone Body Skin</p>
<p><strong>How to Use:</strong> Massage onto damp skin. Leave for up to 5 minutes, then rinse. Use 1–3 times weekly.</p>
<p><em>Purifying + relaxing body treatment.</em></p>",taxable,1,,0,0,,Body Polishes,,
simple,,Nila Dunes Body Scrub 250ml,0,0,visible,"A Moroccan hammam-inspired body polish combining Moroccan Nila, Moroccan Black Soap, brown sugar and Himalayan pink salt to exfoliate, cleanse and soften the skin in one indulgent step. Skin is left feeling smooth, polished and beautifully conditioned.","<p>Inspired by the cleansing and polishing rituals of the Moroccan hammam, Nila Dunes™ transforms body exfoliation into a rich, sensorial treatment for smoother, softer-looking skin.

The formula pairs Moroccan Nila Powder with Moroccan Black Soap, creating a distinctive mineral-and-botanical cleansing ritual that helps refresh dull, rough-looking skin while supporting a more refined appearance.

A dual exfoliating blend of  sugar and Himalayan pink salt gently buffs away surface buildup and rough texture, while Sweet Almond Oil and lightweight emollients help condition the skin and maintain a soft, silky after-feel.

Its thick, scoopable texture melts across damp skin with satisfying polish and glide before rinsing away cleanly, leaving the body feeling smooth, refreshed and comfortably nourished rather than greasy.</p>
<p><strong>Hero Ingredients:</strong> Moroccan Nila • Moroccan Black Soap • Brown Sugar • Himalayan Pink Salt • Sweet Almond Oil</p>
<p><strong>Suitable For:</strong> Rough texture • Dull-looking skin • Dry areas • Weekly exfoliation • Spa-inspired body rituals</p>
<p><strong>How to Use:</strong> Massage a generous amount onto damp skin using gentle circular motions, focusing on rough areas such as elbows, knees and heels.

Rinse thoroughly with warm water and pat skin dry.

Use 1–2 times weekly. Follow with a body lotion or body oil to help maintain softness and moisture.

For a hammam-inspired ritual: Allow warm shower steam to soften the skin for a few minutes before exfoliating.

Notes & Positioning

Nila Dunes is a luxury Moroccan hammam-inspired body polish created to cleanse, exfoliate and smooth rough, dull-looking skin while delivering an elevated, spa-like body-care experience.</p>
<p><em>Smoothing + Conditioning Hammam Body Treatment</em></p>",taxable,1,,0,0,,Body Polishes,,
simple,,Honey Roast Body Scrub 250ml,0,0,visible,"A rich, indulgent body scrub designed to buff away rough, dull surface skin while leaving the body feeling smooth, soft and beautifully conditioned. Honey Roast combines effective exfoliation with a warm, comforting sensorial experience for skin that feels freshly polished and renewed.","<p>Honey Roast Body Scrub is a decadent body treatment created to transform rough, dry and dull-looking skin into a noticeably smoother, softer and more polished finish.

Its satisfyingly textured exfoliating base helps lift away dead surface skin and refine areas prone to roughness, including the elbows, knees, arms and legs, while the conditioning elements of the formula help prevent skin from feeling stripped after rinsing.

The result is skin that feels supple, refreshed and beautifully smooth, with a warm, comforting Honey Roast experience that turns everyday exfoliation into an indulgent body-care ritual.

Perfect for preparing the skin before body oils and lotions, Honey Roast helps create a smoother surface so your next layer of body care can be applied beautifully.</p>
<p><strong>Hero Ingredients:</strong> Honey • Coffee • Turmeric</p>
<p><strong>Suitable For:</strong> Dry • Rough • Dull-Looking • Textured Skin</p>
<p><strong>How to Use:</strong> Massage onto damp skin using gentle circular motions, concentrating on rough or dry areas such as the elbows, knees, legs and arms.

Rinse thoroughly with warm water and pat skin dry.

Use 2–3 times weekly or as needed. Follow with your preferred Cilla Skyn body lotion or body oil to help keep skin soft, smooth and conditioned.

Avoid use on broken, irritated or freshly shaved skin.</p>
<p><em>Exfoliating + Conditioning Body Treatment</em></p>",taxable,1,,0,0,,Body Polishes,,
simple,,Oat Therapy / Avena Sativa Therapy Milky Bath Soak 300ml,0,0,visible,"A comforting oat and mineral bath soak with 40% Colloidal Oatmeal, Buttermilk and Honey Powder to soften and comfort dry, delicate-feeling skin.","<p>Oat Therapy Milky Bath Soak transforms the bath into a creamy, comforting skin-softening ritual. Formulated with 40% Colloidal Oatmeal, mineral salts, Buttermilk and Honey Powder, it is designed to help soothe the feel of dryness and leave skin feeling soft, nourished and comfortable. Calendula adds a gentle botanical touch, making the soak particularly suited to dry, sensitive and moisture-depleted skin.</p>
<p><strong>Hero Ingredients:</strong> 40% Colloidal Oatmeal • Buttermilk • Honey Powder • Mineral Salts • Calendula</p>
<p><strong>Suitable For:</strong> Dry • Sensitive • Eczema-Prone • Sun-Exposed Skin</p>
<p><strong>How to Use:</strong> Add approximately 50–75 g to warm running bath water and disperse well. Soak for 15–20 minutes, then gently pat skin dry.</p>
<p><em>Comforting milk bath soak.</em></p>",taxable,1,,0,0,,Bath Soaks,,
simple,,Serenity Bath Soak 400ml,0,0,visible,A soothing mineral bath soak created to bring a sense of calm to your bathing ritual while leaving skin feeling soft and refreshed.,"<p>Serenity is a soothing mineral bath soak created for slower evenings and restorative bathing rituals. A blend of Epsom, Dead Sea and Himalayan salts softens the feel of the water and supports a relaxing soak, while rose and hibiscus botanicals add an elegant sensory touch. The aromatic bath experience helps you unwind and reset as skin is left feeling soft and refreshed.</p>
<p><strong>Hero Ingredients:</strong> Epsom Salt • Dead Sea Salt • Himalayan Salt • Rose • Hibiscus</p>
<p><strong>Suitable For:</strong> Most Skin Types • Relaxing Evening Bath Rituals</p>
<p><strong>How to Use:</strong> Add the desired amount to warm running bath water and allow the salts to dissolve. Soak for approximately 15–20 minutes.</p>
<p><em>Soothing mineral bath soak.</em></p>",taxable,1,,0,0,,Bath Soaks,,
simple,,Awaken Citrus Sunrise Bath Soak 400ml,0,0,visible,"A bright, uplifting mineral bath soak created to soften the feel of skin, relax the body and refresh the senses with a citrus-led bathing ritual.","<p>Awaken Citrus Sunrise Bath Soak is an uplifting mineral blend for mornings, post-work resets or any moment that calls for a brighter bathing ritual. Epsom, Dead Sea and Himalayan salts form the mineral base, while fine Orange Peel, Grapefruit and citrus aromatics create a fresh, energising sensory profile. The soak helps leave skin feeling soft while the aromatic experience refreshes the senses and turns an ordinary bath into an invigorating ritual.</p>
<p><strong>Hero Ingredients:</strong> Epsom Salt • Dead Sea Salt • Himalayan Salt • Orange Peel • Grapefruit</p>
<p><strong>Suitable For:</strong> Most Skin Types • Tired or Dull Bath Rituals</p>
<p><strong>How to Use:</strong> Add the desired amount to warm running bath water and disperse well. Soak for approximately 15–20 minutes.</p>
<p><em>Softens • Relaxes • Uplifts.</em></p>",taxable,1,,0,0,,Bath Soaks,,
simple,,Mineral Recovery Magnesium Bath Blend 400ml,0,0,visible,"A mineral-rich recovery soak with Epsom Salt, Magnesium Chloride, Dead Sea Salt and Kalahari Salt, created for a restorative post-exercise or end-of-day bath.","<p>Mineral Recovery Magnesium Bath Blend is a concentrated mineral soak designed for post-exercise recovery rituals and physically demanding days. Epsom Salt, Magnesium Chloride, Dead Sea Salt and coarse Kalahari Salt create a mineral-rich bath, while Green Rooibos and an aromatic cooling profile add a refreshing sensory dimension. The bath experience is designed to help the body feel relaxed and restored while skin is left refreshed after soaking.</p>
<p><strong>Hero Ingredients:</strong> Epsom Salt • Magnesium Chloride • Dead Sea Salt • Kalahari Salt • Green Rooibos</p>
<p><strong>Suitable For:</strong> Post-Exercise • Long Days • Recovery-Focused Bath Rituals</p>
<p><strong>How to Use:</strong> Add 100–150 g to warm bath water and allow the minerals to dissolve. Soak for 15–20 minutes.</p>
<p><em>Relax • Soothe • Recover.</em></p>",taxable,1,,0,0,,Bath Soaks,,
